HOSPITAL_NAME,COPD_COUNT,PCT_OF_COPD_CASES_OVER_BEDS,AVG_SCORE,AVG_RISK
BJC,184,9.2,4.4021739130434785,59.20108695652174
BJC WEST COUNTY,171,17.1,4.12280701754386,61.56140350877193
MISSOURI BAPTIST,161,20.125,4.111801242236025,60.7639751552795
SAINT LOUIS UNIVERSITY,164,16.400000000000002,4.4939024390243905,58.09756097560975
ST.MARY'S,156,31.2,4.198717948717949,60.76923076923077
ST.LUKE'S,164,20.5,4.323170731707317,59.33536585365854
